felipernb - Felipe Ribeiro
anaran
apoliveira - Andre P. Oliveira
BrunoRB - Bruno Roberto Búrigo
dingshu - Shu Ding
eush77 - Eugene Sharygin
gauravmittal1995 - Gaurav Mittal
geakstr - Dmitry Kharitonov
joshuacurl - Joshua Curl
liamgriffiths - Liam Griffiths
lifebeyondfife - Iain McDonald
mastermatt - Matt R. Wilson
nitinsaroha - Nitin Saroha
tayllan - Tayllan Búrigo
